Firstname,Middlename,Lastname,Age,"House Number",Sitio/Pook,Birthday,"Place of Birth","Contact #","Contact Person","Contact # of Contact Person","Live Since Year",Purpose,Gender,"Business Name",Photo,"User ID","Request Documnet","Date Requst",Status,"Control Number"
Julian,David,Hall,22,23,asdadsd,2025-04-17,Manila,09694911585,asdad,09694911585,2025-04,education,Male,N/A,images.png,55,"Barangay Clearance",04/20/2025,Processing,10510
Julian,David,Hall,22,23,asdadsd,2025-04-17,Manila,09694911585,asdad,sadsda,2025-04,education,Male,N/A,images.png,55,"Barangay Indigency",04/20/2025,Pending,20626
Julian,David,Hall,22,23,asdadsd,2025-04-17,Manila,09694911585,asdad,09694911585,2025-04,"Educational Assistance",Male,N/A,images.png,55,"Barangay Indigency",04/20/2025,Pending,30645
Julian,David,Hall,22,23,asdadsd,2025-04-17,Manila,09694911585,asdad,sadsda,2025-04,education,Male,N/A,images.png,55,"Barangay ID",04/20/2025,Pending,40609
Julian,David,Hall,22,23,asdadsd,2025-04-17,Manila,09694911585,asdad,sadsda,2025-04,education,Male,asdasd,images.png,55,"Business Permit",04/20/2025,Pending,50624
Julian,David,Hall,22,23,asdadsd,2025-04-17,Manila,09694911585,asdad,sadsda,2025-04,education,Male,N/A,images.png,55,"Barangay Cedula",04/20/2025,Pending,60636
Julian,David,Hall,22,23,asdadsd,2025-04-17,Manila,09694911585,asdad,sadsda,2025-04,education,Male,N/A,images.png,55,"Barangay Certificate",04/20/2025,Pending,70606
Julian,David,Hall,22,23,asdadsd,2025-04-17,Manila,09694911585,asdad,09694911585,2025-04,education,Male,N/A,images.png,55,"Barangay Clearance",04/20/2025,Processing,10510
Julian,David,Hall,22,23,asdadsd,2025-04-17,Manila,09694911585,asdad,sadsda,2025-04,education,Male,N/A,images.png,55,"Barangay Indigency",04/20/2025,Pending,20626
Julian,David,Hall,22,23,asdadsd,2025-04-17,Manila,09694911585,asdad,09694911585,2025-04,"Educational Assistance",Male,N/A,images.png,55,"Barangay Indigency",04/20/2025,Pending,30645
Julian,David,Hall,22,23,asdadsd,2025-04-17,Manila,09694911585,asdad,sadsda,2025-04,education,Male,N/A,images.png,55,"Barangay ID",04/20/2025,Pending,40609
Julian,David,Hall,22,23,asdadsd,2025-04-17,Manila,09694911585,asdad,sadsda,2025-04,education,Male,asdasd,images.png,55,"Business Permit",04/20/2025,Pending,50624
Julian,David,Hall,22,23,asdadsd,2025-04-17,Manila,09694911585,asdad,sadsda,2025-04,education,Male,N/A,images.png,55,"Barangay Cedula",04/20/2025,Pending,60636
Julian,David,Hall,22,23,asdadsd,2025-04-17,Manila,09694911585,asdad,sadsda,2025-04,education,Male,N/A,images.png,55,"Barangay Certificate",04/20/2025,Pending,70606
Julian,David,Hall,22,23,asdadsd,2025-04-17,Manila,09694911585,asdad,09694911585,2025-04,education,Male,N/A,images.png,55,"Barangay Clearance",04/20/2025,Processing,10510
Julian,David,Hall,22,23,asdadsd,2025-04-17,Manila,09694911585,asdad,sadsda,2025-04,education,Male,N/A,images.png,55,"Barangay Indigency",04/20/2025,Pending,20626
Julian,David,Hall,22,23,asdadsd,2025-04-17,Manila,09694911585,asdad,09694911585,2025-04,"Educational Assistance",Male,N/A,images.png,55,"Barangay Indigency",04/20/2025,Pending,30645
Julian,David,Hall,22,23,asdadsd,2025-04-17,Manila,09694911585,asdad,sadsda,2025-04,education,Male,N/A,images.png,55,"Barangay ID",04/20/2025,Pending,40609
Julian,David,Hall,22,23,asdadsd,2025-04-17,Manila,09694911585,asdad,sadsda,2025-04,education,Male,asdasd,images.png,55,"Business Permit",04/20/2025,Pending,50624
Julian,David,Hall,22,23,asdadsd,2025-04-17,Manila,09694911585,asdad,sadsda,2025-04,education,Male,N/A,images.png,55,"Barangay Cedula",04/20/2025,Pending,60636
Julian,David,Hall,22,23,asdadsd,2025-04-17,Manila,09694911585,asdad,sadsda,2025-04,education,Male,N/A,images.png,55,"Barangay Certificate",04/20/2025,Pending,70606
Julian,David,Hall,22,23,asdadsd,2025-04-17,Manila,09694911585,asdad,sadsda,2025-04,education,Male,N/A,images.png,55,"Barangay Certificate",04/20/2025,Pending,70606
Julian,David,Hall,22,23,asdadsd,2025-04-17,Manila,09694911585,asdad,sadsda,2025-04,education,Male,N/A,images.png,55,"Barangay Cedula",04/20/2025,Pending,60636
Julian,David,Hall,22,23,asdadsd,2025-04-17,Manila,09694911585,asdad,sadsda,2025-04,education,Male,asdasd,images.png,55,"Business Permit",04/20/2025,Pending,50624
Julian,David,Hall,22,23,asdadsd,2025-04-17,Manila,09694911585,asdad,sadsda,2025-04,education,Male,N/A,images.png,55,"Barangay ID",04/20/2025,Pending,40609
Julian,David,Hall,22,23,asdadsd,2025-04-17,Manila,09694911585,asdad,09694911585,2025-04,"Educational Assistance",Male,N/A,images.png,55,"Barangay Indigency",04/20/2025,Pending,30645
Julian,David,Hall,22,23,asdadsd,2025-04-17,Manila,09694911585,asdad,sadsda,2025-04,education,Male,N/A,images.png,55,"Barangay Indigency",04/20/2025,Pending,20626
Julian,David,Hall,22,23,asdadsd,2025-04-17,Manila,09694911585,asdad,09694911585,2025-04,education,Male,N/A,images.png,55,"Barangay Clearance",04/20/2025,Processing,10510
